epoch,loss,ap,lr_backbone,lr_head
1,24.164618716520422,0.0921457901307051,0.001,0.001
2,7.722382952185238,0.09220051836428372,0.001,0.001
3,5.917222822413725,0.09238635834307024,0.001,0.001
4,4.963793067371144,0.09294956848597948,0.001,0.001
5,4.4116164025138405,0.09300864689549874,0.001,0.001
6,3.9179795068853043,0.09321000593460926,0.001,0.001
7,2.626662899466122,0.0932861596790061,0.0005,0.0005
8,2.622335910797119,0.09337273177917339,0.0005,0.0005
9,2.5735037467058968,0.09422918105426058,0.0005,0.0005
10,2.559988589847789,0.15555660402117558,0.0005,0.0005
11,2.4961993483936085,0.20081123864005293,0.0005,0.0005
12,2.509006177677828,0.21277448445272668,0.00025,0.00025
13,2.4663408083074234,0.21402433567558532,0.00025,0.00025
14,2.4636781846775726,0.21260791884127198,0.00025,0.00025
15,2.4568869716980877,0.21431355992398496,0.00025,0.00025
16,2.432046013719895,0.2872649611765555,1e-06,0.0001
17,2.36771196828169,0.3648019093099093,1e-06,0.0001
18,2.297808762858896,0.3589797526238194,1e-06,0.0001
19,2.26373687211205,0.3607094964632972,1e-06,0.0001
20,2.1972427262979397,0.34867010081454686,1e-06,0.0001
21,2.17247376722448,0.4299713908036271,1e-06,0.0001
22,2.170007074580473,0.3552453886934928,1e-06,0.0001
23,2.133462295812719,0.42649713025893665,1e-06,0.0001
24,2.093193804516512,0.43108228569589396,1e-06,0.0001
25,2.106363990727593,0.4233218431180944,1e-06,0.0001
26,2.0666739800397087,0.432261398745784,1e-06,0.0001
27,2.056589918978074,0.4250346112457449,1e-06,0.0001
28,2.0409972807940315,0.41612200595036913,1e-06,0.0001
29,2.0444408620105072,0.4208515595408238,1e-06,0.0001
30,2.021519257741816,0.42257316182897564,1e-06,0.0001
31,2.0047311046544243,0.42737852502465296,5e-07,5e-05
32,1.993120533578536,0.42767313982316696,5e-07,5e-05
33,1.9827126089264364,0.43704987218765495,5e-07,5e-05
34,1.998393581194036,0.4247598792358915,5e-07,5e-05
35,2.0003508469637703,0.4250753053360492,5e-07,5e-05
36,1.9922414386973661,0.42727622689923667,5e-07,5e-05
37,1.9767882683697868,0.433555790281719,5e-07,5e-05
38,1.9699995903407825,0.4316376197773003,2.5e-07,2.5e-05
39,1.9811284156406628,0.4418281784688725,2.5e-07,2.5e-05
40,1.9401238455491907,0.4107417395750529,2.5e-07,2.5e-05
41,1.974844350534327,0.44278581209077356,2.5e-07,2.5e-05
42,1.9586247661534477,0.4340490932581712,2.5e-07,2.5e-05
43,1.9727348545018364,0.4286232907214377,2.5e-07,2.5e-05
44,1.9843043088912964,0.44372443722663635,2.5e-07,2.5e-05
45,1.969208166879766,0.44250794686593037,2.5e-07,2.5e-05
