epoch,loss,ap,lr_backbone,lr_head
1,24.164618716520422,0.0921457901307051,0.001,0.001
2,7.722382952185238,0.09220051836428372,0.001,0.001
3,5.917222822413725,0.09238635834307024,0.001,0.001
4,4.963793067371144,0.09294956848597948,0.001,0.001
5,4.4116164025138405,0.09300864689549874,0.001,0.001
6,3.9179795068853043,0.09321000593460926,0.001,0.001
7,2.626662899466122,0.0932861596790061,0.0005,0.0005
8,2.622335910797119,0.09337273177917339,0.0005,0.0005
9,2.5735037467058968,0.09422918105426058,0.0005,0.0005
10,2.559988589847789,0.15555660402117558,0.0005,0.0005
11,2.4961993483936085,0.20081123864005293,0.0005,0.0005
12,2.509006177677828,0.21277448445272668,0.00025,0.00025
13,2.4663408083074234,0.21402433567558532,0.00025,0.00025
14,2.4636781846775726,0.21260791884127198,0.00025,0.00025
15,2.4568869716980877,0.21431355992398496,0.00025,0.00025
16,2.398459385423099,0.2806776385024604,1e-06,0.0001
17,2.3463115341523113,0.3482678825989219,1e-06,0.0001
18,2.3350929758128,0.3582755767047006,1e-06,0.0001
19,2.223852697540732,0.3428493954396322,1e-06,0.0001
20,2.1784337513587055,0.4230020412437565,1e-06,0.0001
21,2.163949770085952,0.3635508840762531,1e-06,0.0001
22,2.1139769904753742,0.42698960985661427,1e-06,0.0001
23,2.0887529499390545,0.4291927562129501,1e-06,0.0001
24,2.055877257795895,0.43263201745802166,1e-06,0.0001
25,2.0342346710317276,0.4309001724424187,1e-06,0.0001
26,2.0139965099446915,0.4390344086477913,1e-06,0.0001
27,1.9907663604792427,0.43763701840187097,1e-06,0.0001
28,1.9615932387464188,0.4529170492206328,1e-06,0.0001
29,1.9842338036088383,0.4490009178520594,1e-06,0.0001
30,1.9434380846865036,0.43820515243596625,1e-06,0.0001
31,1.9247014487490934,0.4651362296483317,1e-06,0.0001
32,1.899846497704001,0.45065743550370013,1e-06,0.0001
33,1.9094873736886417,0.4388431952353438,1e-06,0.0001
34,1.881527486969443,0.45581518488922623,1e-06,0.0001
35,1.8798792081720688,0.4735163059763588,1e-06,0.0001
36,1.8515971443232369,0.47345346848951436,1e-06,0.0001
37,1.8532828828867745,0.44865941057266184,1e-06,0.0001
38,1.8454077874912935,0.4733957239100733,1e-06,0.0001
39,1.8492828923113205,0.4789299877545069,1e-06,0.0001
40,1.823244974893682,0.47429880857255813,1e-06,0.0001
41,1.825108338804806,0.47557320471973125,1e-06,0.0001
42,1.8113603030934053,0.4821268472190932,1e-06,0.0001
43,1.786258949952967,0.487235037987883,1e-06,0.0001
44,1.7936201831873726,0.4875984665139542,1e-06,0.0001
45,1.8173575225998373,0.48003433440580107,1e-06,0.0001
