epoch,loss,ap,lr_backbone,lr_head
1,24.180142991683063,0.09210294244819037,0.001,0.001
2,7.74915849461275,0.09222767281927823,0.001,0.001
3,5.893423627404606,0.09297032352055594,0.001,0.001
4,4.944573710946476,0.09232930204504637,0.001,0.001
5,4.385772144093233,0.09318074579106018,0.001,0.001
6,3.921861164710101,0.09308979347607989,0.001,0.001
7,2.6158542773302864,0.09313043081762994,0.0005,0.0005
8,2.62669995953055,0.09332938431436838,0.0005,0.0005
9,2.6099632066838883,0.09414196823110794,0.0005,0.0005
10,2.5710549214307,0.15748048439196946,0.0005,0.0005
11,2.492317935999702,0.20423983649551775,0.0005,0.0005
12,2.5283319108626423,0.21151537396951714,0.00025,0.00025
13,2.4778931807069218,0.21292163709530057,0.00025,0.00025
14,2.4731551899629483,0.21384890096214756,0.00025,0.00025
15,2.4562683806699863,0.2114209253205403,0.00025,0.00025
16,2.4266081277061913,0.2688803268424715,1e-06,0.0001
17,2.371465893352733,0.3503936006013785,1e-06,0.0001
18,2.3196393777342403,0.3584910289026605,1e-06,0.0001
19,2.249912205864401,0.34777167831681854,1e-06,0.0001
20,2.2167111775454353,0.4256652869562325,1e-06,0.0001
21,2.12820709102294,0.39225625863360475,1e-06,0.0001
22,2.129353667006773,0.43452610598286745,1e-06,0.0001
23,2.101589535965639,0.384370400157065,1e-06,0.0001
24,2.063439807471107,0.4302973155163847,1e-06,0.0001
25,2.0593091950697056,0.4178510513293913,1e-06,0.0001
26,2.0399911158225117,0.4358071594759964,1e-06,0.0001
27,2.0158740141812492,0.4286034257064701,1e-06,0.0001
28,1.994522999314701,0.4239577736983172,1e-06,0.0001
29,1.9519767270368689,0.43158418478551686,1e-06,0.0001
30,1.9291518155266256,0.4548004685893648,1e-06,0.0001
31,1.9168318159439985,0.42620347153259447,1e-06,0.0001
32,1.9350319399553186,0.43430288060709193,1e-06,0.0001
33,1.9113793022492354,0.4744278835936883,1e-06,0.0001
34,1.8714152329108293,0.44972429677874826,1e-06,0.0001
35,1.8619458955876969,0.4450044198764249,1e-06,0.0001
36,1.8638867245000952,0.47401338355767336,1e-06,0.0001
37,1.8753434910493738,0.521041267881455,1e-06,0.0001
38,1.8364759473239674,0.4713161312267683,1e-06,0.0001
39,1.834102651652168,0.4863579033758379,1e-06,0.0001
40,1.8321371043429655,0.5173146533251133,1e-06,0.0001
41,1.8016875561545878,0.47589505608153204,1e-06,0.0001
42,1.8082486250821281,0.4573137521134915,5e-07,5e-05
43,1.797825673047234,0.47799996806905864,5e-07,5e-05
44,1.7824929426698124,0.44813812485267107,5e-07,5e-05
45,1.773691005566541,0.4756001394093254,5e-07,5e-05
