epoch,loss,ap,lr_backbone,lr_head
1,20.62193068336038,0.09254742598091967,0.001,0.001
2,7.462139396106496,0.09284420280733872,0.001,0.001
3,5.6931862129884605,0.09308018280673655,0.001,0.001
4,4.782633437829859,0.0932275853438796,0.001,0.001
5,4.174646419637344,0.09409891394987079,0.001,0.001
6,3.7501845640294693,0.09437611573753948,0.001,0.001
7,2.500552738414091,0.1670005874029912,0.0005,0.0005
8,2.473058483179878,0.2118866463786275,0.0005,0.0005
9,2.464522866641774,0.21091297579400275,0.0005,0.0005
10,2.447845627279843,0.20813570411213497,0.0005,0.0005
11,2.432099461555481,0.24985481706495413,0.0005,0.0005
12,2.4030368328094482,0.27922686096588767,0.00025,0.00025
13,2.38133503408993,0.27534648731148487,0.00025,0.00025
14,2.3672404955415165,0.32550380496536796,0.00025,0.00025
15,2.34421145214754,0.3612366203678673,0.00025,0.00025
1,2.3177648572360767,0.4172908983838078,1e-06,0.0001
2,2.273986248409047,0.43590532417620464,1e-06,0.0001
3,2.203934627420762,0.4673910092909975,1e-06,0.0001
4,2.1518398453207577,0.5210982563535633,1e-06,0.0001
5,2.141068121966194,0.5181126382908038,1e-06,0.0001
6,2.096174962380353,0.5077101119651594,1e-06,0.0001
7,2.0621996136272656,0.5211247369196491,1e-06,0.0001
8,2.0461703188279095,0.5158042644754368,1e-06,0.0001
9,2.052769092952504,0.521836302515644,5e-07,5e-05
10,2.0220642615767086,0.5364795097760382,5e-07,5e-05
11,1.995945723617778,0.5199142941962294,5e-07,5e-05
12,2.00482156346826,0.5384126637597144,5e-07,5e-05
13,1.972509636598475,0.5258598146955542,5e-07,5e-05
14,1.9830064422944014,0.5322066648349117,5e-07,5e-05
15,1.981946373687071,0.54150432673146,5e-07,5e-05
16,1.9535428916706759,0.5428073897689439,5e-07,5e-05
17,1.9537094095174004,0.5414134568791978,5e-07,5e-05
18,1.9654157021466423,0.5445674515153496,5e-07,5e-05
19,1.9407096435041988,0.5479820511249011,5e-07,5e-05
20,1.9526962006793303,0.5487980672730581,5e-07,5e-05
21,1.9360820440685047,0.544779009002676,5e-07,5e-05
22,1.906393643687753,0.5460538391466642,5e-07,5e-05
23,1.9165159463882446,0.541651007420024,5e-07,5e-05
24,1.8987839712816126,0.5449333563040951,5e-07,5e-05
25,1.9169051542001612,0.5398562146790536,2.5e-07,2.5e-05
26,1.9172652293654049,0.5572109323618384,2.5e-07,2.5e-05
27,1.9092413958381205,0.5605716548224581,2.5e-07,2.5e-05
28,1.882150344988879,0.5656142291483959,2.5e-07,2.5e-05
29,1.8868564156924976,0.5655947918485519,2.5e-07,2.5e-05
30,1.898138081326204,0.567267234251241,2.5e-07,2.5e-05
