epoch,loss,ap,lr_backbone,lr_head
1,20.62193068336038,0.09254742598091967,0.001,0.001
2,7.462139396106496,0.09284420280733872,0.001,0.001
3,5.6931862129884605,0.09308018280673655,0.001,0.001
4,4.782633437829859,0.0932275853438796,0.001,0.001
5,4.174646419637344,0.09409891394987079,0.001,0.001
6,3.7501845640294693,0.09437611573753948,0.001,0.001
7,2.500552738414091,0.1670005874029912,0.0005,0.0005
8,2.473058483179878,0.2118866463786275,0.0005,0.0005
9,2.464522866641774,0.21091297579400275,0.0005,0.0005
10,2.447845627279843,0.20813570411213497,0.0005,0.0005
11,2.432099461555481,0.24985481706495413,0.0005,0.0005
12,2.4030368328094482,0.27922686096588767,0.00025,0.00025
13,2.38133503408993,0.27534648731148487,0.00025,0.00025
14,2.3672404955415165,0.32550380496536796,0.00025,0.00025
15,2.34421145214754,0.3612366203678673,0.00025,0.00025
1,2.2946748978951397,0.42980544818277605,1e-06,0.0001
2,2.252870138953714,0.44051796128550025,1e-06,0.0001
3,2.2033312916755676,0.4440298980948416,1e-06,0.0001
4,2.167909836067873,0.4839132790471943,1e-06,0.0001
5,2.133459645159104,0.5157684886207352,1e-06,0.0001
6,2.0845992705401253,0.5160633565274952,1e-06,0.0001
7,2.0975515526883743,0.5174506913895199,1e-06,0.0001
8,2.087318034733043,0.5185757165762351,1e-06,0.0001
9,2.0451977919129765,0.5207503028598168,1e-06,0.0001
10,2.029136731344111,0.5169322725946724,1e-06,0.0001
11,2.044118656831629,0.5330287665835542,1e-06,0.0001
12,2.0046578260029064,0.537847407061165,1e-06,0.0001
13,1.9918462388655718,0.5392423943219641,1e-06,0.0001
14,1.9709523986367619,0.5396558852231997,1e-06,0.0001
15,1.9535637743332808,0.5405432866940217,1e-06,0.0001
16,1.945832536501043,0.5467472688998796,1e-06,0.0001
17,1.9416297709240633,0.5406418414714316,1e-06,0.0001
18,1.9242856011671179,0.5531903953465154,1e-06,0.0001
19,1.9171602550674887,0.5390214160035467,1e-06,0.0001
20,1.8928241168751436,0.5667271886951766,1e-06,0.0001
21,1.8948676796520458,0.5454676494183182,1e-06,0.0001
22,1.8814085897277384,0.5654619039158466,1e-06,0.0001
23,1.8874485878383411,0.5631232215707587,1e-06,0.0001
24,1.89496532608481,0.5486947326788223,1e-06,0.0001
25,1.8863975475816166,0.5615985419650734,5e-07,5e-05
26,1.8480137551532072,0.5646925058491191,5e-07,5e-05
27,1.8416489783455343,0.5630111623684642,5e-07,5e-05
28,1.8670555598595564,0.57379119436549,5e-07,5e-05
29,1.8518829275580013,0.5673731207817193,5e-07,5e-05
30,1.8479977285160738,0.5997153331516967,5e-07,5e-05
